{
	"easycom": {
		"^u-(.*)": "@/uview-ui/components/u-$1/u-$1.vue"
	},
	"pages": [ //pages数组中第一项表示应用启动页，参考：https://uniapp.dcloud.io/collocation/pages
		{
			"path": "pages/index/index",
			"style": {
				"navigationBarTitleText": "",
				"enablePullDownRefresh": false,
				"navigationStyle": "custom", // 隐藏系统导航栏
				"navigationBarTextStyle": "white" // 状态栏字体为白色，只能为 white-白色，black-黑色 二选一
			}
		}, {
			"path": "pages/common/tabbar/tabbar",
			"style": {
				"navigationBarTitleText": "",
				"enablePullDownRefresh": false
			}
		},
		{
			"path": "pages/chat/chat",
			"style": {
				"navigationBarTitleText": "客服中心",
				"enablePullDownRefresh": false
			}
		}, {
			"path": "pages/cart/cart",
			"style": {
				"navigationBarTitleText": "",
				"enablePullDownRefresh": false,
				"navigationStyle": "custom", // 隐藏系统导航栏
				"navigationBarTextStyle": "white", // 状态栏字体为白色，只能为 white-白色，black-黑色 二选一
				"app-plus": {
					"animationType": "fade-in", // 设置fade-in淡入动画，为最合理的动画类型
					"background": "transparent", // 背景透明
					"backgroundColor": "rgba(0,0,0,0)", // 背景透明
					"popGesture": "none" // 关闭IOS屏幕左边滑动关闭当前页面的功能
				}
			}

		}, {
			"path": "pages/usercenter/usercenter",
			"style": {
				"navigationBarTitleText": "",
				"enablePullDownRefresh": false,
				"navigationStyle": "custom", // 隐藏系统导航栏
				"navigationBarTextStyle": "white" // 状态栏字体为白色，只能为 white-白色，black-黑色 二选一
			}

		}, {
			"path": "pages/login/login",
			"style": {
				"navigationBarTitleText": "",
				"enablePullDownRefresh": false
			}

		}, {
			"path": "pages/product/creatorder",
			"style": {
				"navigationBarTitleText": "确认订单",
				"enablePullDownRefresh": false
			}

		}, {
			"path": "pages/search/search",
			"style": {
				"navigationBarTitleText": "",
				"enablePullDownRefresh": false,
				"navigationStyle": "custom", // 隐藏系统导航栏
				"navigationBarTextStyle": "white" // 状态栏字体为白色，只能为 white-白色，black-黑色 二选一
			}

		}, {
			"path": "pages/product/product",
			"style": {
				"navigationBarTitleText": "",
				"enablePullDownRefresh": false,
				"navigationStyle": "custom", // 隐藏系统导航栏
				"navigationBarTextStyle": "white" // 状态栏字体为白色，只能为 white-白色，black-黑色 二选一
			}

		},
		{
			"path": "pages/product/index1",
			"style": {
				"navigationBarTitleText": "",
				"enablePullDownRefresh": false
			}

		}, {
			"path": "pages/address/address",
			"style": {
				"navigationBarTitleText": "收货地址",
				"enablePullDownRefresh": false
			}

		},
		{
			"path": "pages/address/addSite",
			"style": {
				"navigationBarTitleText": "添加地址",
				"enablePullDownRefresh": false
			}

		}, {
			"path": "pages/usercenter/orders/orders",
			"style": {
				"navigationBarTitleText": "",
				"enablePullDownRefresh": false
			}

		}, {
			"path": "pages/aboutSoftware/aboutSoftware",
			"style": {
				"navigationBarTitleText": "关于我们",
				"enablePullDownRefresh": false
			}

		}, {
			"path": "pages/usercenter/userinfo/userinfo",
			"style": {
				"navigationBarTitleText": "",
				"enablePullDownRefresh": false,
				"navigationStyle": "custom", // 隐藏系统导航栏
				"navigationBarTextStyle": "white" // 状态栏字体为白色，只能为 white-白色，black-黑色 二选一

			}

		}, {
			"path": "pages/Wuliu/Wuliu",
			"style": {
				"navigationBarTitleText": "物流信息",
				"enablePullDownRefresh": false
			}

		}, {
			"path": "pages/usercenter/couponcenter",
			"style": {
				"navigationBarTitleText": "领券中心",
				"enablePullDownRefresh": false
			}

		}
	],
	"tabBar": {
		"color": "#333",
		"selectedColor": "deepskyblue",
		"backgroundColor": "#eee",
		"borderStyle": "black",
		"list": [{
				"pagePath": "pages/index/index",
				"text": "首页"
			},
			{
				"pagePath": "pages/cart/cart",
				"text": "购物车"
			},
			{
				"pagePath": "pages/usercenter/usercenter",
				"text": "我的"
			}
		]
	},
	"globalStyle": {
		"navigationBarTextStyle": "black",
		"navigationBarTitleText": "uni-app",
		"navigationBarBackgroundColor": "#F8F8F8",
		"backgroundColor": "#F8F8F8"
	}
}
